replication,full_gcsr_eigenvector,full_gcsr_pagerank,full_gcsr_softmax,graph_only_eigenvector,graph_only_pagerank,graph_only_softmax,rs_selection,rs_selection_v2,bates_granger_mv,var_error,recent_best,equal
1,0.6397114658211734,0.6363025174337734,0.6374978009239104,1.120171758601291,0.552624966598078,0.9711945553460756,1.1198261929073623,0.9249713746284808,0.6862818450387175,0.6810000603032204,1.0715211441621408,0.6198450535507927
2,0.4173069321591147,0.41808724351056004,0.41817561851915147,0.6462325755129945,0.5113139105680266,0.8855676162233456,1.2301719801842608,0.5668648915393615,0.40576389737179935,0.40465027823530275,0.46713201292625856,0.562969113634225
3,0.3872133316467056,0.3865052717886019,0.3854385257737616,0.5160317024346278,0.5278299302069501,0.5150085989676599,0.5987214853978848,0.5236565342255721,0.3881749424165809,0.3852839702816196,0.4248649691377483,0.8208973707665345
4,0.38067857999838406,0.38028914761533356,0.37921558130645083,0.7090717505491327,0.4533360222672724,0.6454518514321848,0.930627105808807,0.616197409358814,0.3764448740688779,0.37634382836173297,0.5402200626957343,0.4836499744346664
5,0.48611883341900164,0.4872232096347354,0.4874566582653305,0.8700316034378125,0.6580800666636761,0.8294005414263029,1.0897052637176157,0.6755920260519683,0.5578161850872067,0.562067447132963,0.5346103745553205,0.6914062757321151
