replication,full_gcsr_eigenvector,full_gcsr_pagerank,full_gcsr_softmax,graph_only_eigenvector,graph_only_pagerank,graph_only_softmax,rs_selection,rs_selection_v2,bates_granger_mv,var_error,recent_best,equal
1,1.03205061031873,1.0265509320235393,1.0284792905436047,1.8071802818826435,0.8915534026309724,1.5668344044709313,1.8066227785324942,1.492262250587102,1.107182901769133,1.0986617645829415,1.7286919336085456,0.9999999999983867
2,0.74126079397938,0.742646858210163,0.7428038384182258,1.1479005861265064,0.9082450496553025,1.5730305531417623,2.1851500382334454,1.0069200561980756,0.7207569430437946,0.7187788254001717,0.8297649047029889,0.9999999999982238
3,0.47169517827138774,0.47083263456821844,0.46953314689432946,0.6286190220735401,0.6429913762708633,0.6273726988382601,0.7293499854166711,0.6379074326135997,0.4728665923897886,0.46934487062783653,0.5175616152120233,0.9999999999987819
4,0.7870952137288302,0.7862900190557509,0.7840703015624638,1.4660845405326313,0.9373225395002553,1.3345433382588563,1.9241748268356338,1.2740565324702164,0.7783415568420575,0.7781326336279856,1.1169649359044733,0.9999999999979324
5,0.70308710013307,0.7046843899675638,0.7050220331721291,1.25835074683882,0.9517993830268573,1.1995849192240395,1.576070831237646,0.9771274137418285,0.8067849608332531,0.8129336785914896,0.7732217558894152,0.9999999999985537
