oos_period,16,23,24,89
20,0.8141219911245526,0.007493725088678686,0.17838428378576857,8.806637207489028e-18
21,0.7630278551596373,0.0,0.2369721448393627,1.6409315837062758e-17
22,0.742060426172883,0.0,0.2502046176829149,0.007734956143201998
23,0.50502183576811,0.0439262715042494,0.38229418182992225,0.06875771089671838
24,0.4747452954003496,0.03501446004432993,0.36836172329153266,0.12187852126278775
25,0.39900879372595016,8.986496632887347e-19,0.5152607211503677,0.08573048512268212
26,0.33457128242218975,8.236965278121305e-19,0.5626314929684483,0.10279722460836191
27,0.4027361413103101,0.0,0.5972638586886899,2.7647155398352713e-17
28,0.48594342863603907,2.3852447794657244e-17,0.5140565713629608,2.7321894746607388e-17
29,0.5220131934572396,0.0,0.3884272905955138,0.08955951594624656
30,0.6145200521705158,0.004251330373792674,0.29900767157699204,0.08222094587769946
31,0.6187070634863624,0.0003041738074303205,0.2758405357175668,0.10514822698764044
32,0.6668044124864084,0.0,0.15626315091356588,0.17693243659902555
33,0.5122894989159614,0.1085836419877012,0.26475274583907693,0.1143741132562605
34,0.5196636789470435,0.14767543378426734,0.19679591767822924,0.13586496958945984
35,0.5302047844758047,0.1654161050122625,0.17553357587127513,0.12884553463965775
36,0.4794419223219839,0.18351773966920093,0.2030707150983477,0.1339696229094672
37,0.6922715458870384,0.0586401811516485,0.24908827296031288,0.0
38,0.4701233320199602,6.87790753169804e-19,0.2913476019191436,0.23852906605989613
39,0.2739532667460976,0.12051305704983938,0.25973174469041266,0.3458019315126502
40,0.2816531760481324,0.07711484768040221,0.20431744058536427,0.4369145356851011
41,0.022279684725134488,0.1575550164600813,0.02716043839246818,0.793004860421316
42,1.3877787807800578e-17,0.0,0.0,0.9999999999989999
43,0.4961335554833747,0.21652076205693369,0.0008658824462904858,0.2864798000124012
44,0.45986466602102666,0.22892615582603434,0.09438558227754602,0.21682359587439304
45,0.9999999999989957,2.1649348980168902e-15,0.0,1.942890293092081e-15
46,0.42815026404984224,0.22297435240530739,0.28144201634676297,0.06743336719708731
47,0.457065495610587,0.15469732778603298,0.36566785568722093,0.022569320915159
48,0.2587011650534191,0.012771178377340217,0.7285276565682405,0.0
49,0.4973831109808842,0.10320052937365999,0.35017302478369017,0.04924333486076556
