oos_period,16,23,24,89
20,0.8772634117565088,1.344410693880681e-17,0.12273658824249123,0.0
21,0.8423411414940273,0.0,0.1576588585049727,6.938893903900289e-18
22,0.8286995565371813,0.0,0.17130044346181864,2.1684043449688403e-18
23,0.47440289646777795,0.1622108700413725,0.3416379177190151,0.021748315770834477
24,0.5227019830295635,1.6555258954068743e-18,0.29982235514265365,0.17747566182678287
25,0.3990087937259507,1.5665071396824493e-18,0.5152607211503671,0.08573048512268201
26,0.32902861375153236,0.004105275374000593,0.6425818583986747,0.024284252474792323
27,0.5394978612601689,5.319366908751687e-19,0.3363352999134186,0.12416683882541249
28,0.4243474614860997,1.426178490048201e-17,0.5227929668322817,0.05285957168061855
29,0.49497971854515477,0.0,0.3419067516730184,0.16311352978082666
30,0.6356463390957012,1.780887195676231e-19,0.2764018818516335,0.0879517790516652
31,0.5501869308510976,0.0,0.09465073756410247,0.3551623315838
32,0.6476876070580669,0.019295769022247465,0.25750030472439417,0.07551631919429137
33,0.5528744876468246,0.0,0.0859285184839305,0.3611969938682449
34,0.5196636789470434,0.14767543378426762,0.1967959176782292,0.13586496958945984
35,0.4716578201148549,0.18035909172961884,0.1791407303389159,0.1688423578156105
36,0.4794419223219839,0.1835177396692009,0.2030707150983482,0.13396962290946707
37,0.6061557175273274,0.09123743968977174,0.2466186119100215,0.0559882308718793
38,0.45804123429637866,1.1860578843916479e-18,0.42616942377873157,0.11578934192388976
39,0.2739532667460981,0.12051305704983845,0.25973174469041266,0.34580193151265076
40,0.2816531760481321,0.07711484768040222,0.20431744058536402,0.4369145356851016
41,0.011706533699728355,0.1541644301495003,0.024313571637929885,0.8098154645118414
42,0.0,5.551115123120231e-17,0.0,0.9999999999989998
43,0.135953303869316,0.00043462516324453693,0.0,0.8636120709664394
44,0.9999999999989997,0.0,2.775557561560115e-16,0.0
45,0.45339887886748714,0.19930967642198022,0.17346032750961082,0.1738311171999217
46,0.42815026404984907,0.22297435240530825,0.28144201634676225,0.06743336719708061
47,0.25609118705701317,0.016232099211580163,0.7276767137304067,1.5411845909649101e-16
48,0.26439567582942214,0.012718418509609863,0.7228859056599679,0.0
49,0.4973830919056022,0.10320053206991238,0.3501730411627162,0.04924333486076914
