Source,Source_Type,Method,Family,Centrality,Cov_Method,Mean_Loss,Median_Loss,Std_Loss,Total_Loss,Rel_MSFE,MCS_pvalue,In_MCS,Elimination_Step,Rank
simulation_4A,simulation,full_gcsr_pagerank_shrinkage,full_gcsr,pagerank,shrinkage,0.4973325599794188,0.22019488720339,0.7699753160291434,99.46651199588376,1.0977923364989914,1.0,True,0,1
simulation_4A,simulation,full_gcsr_softmax_shrinkage,full_gcsr,softmax,shrinkage,0.4974615322370069,0.2318546760801964,0.7710953149993243,99.4923064474014,1.0980770247888696,1.0,True,0,2
simulation_4A,simulation,full_gcsr_eigenvector_shrinkage,full_gcsr,eigenvector,shrinkage,0.4998230671909885,0.2087584595372436,0.7747831582583307,99.9646134381977,1.1032897841846403,1.0,True,0,3
simulation_4A,simulation,full_gcsr_pagerank_rolling,full_gcsr,pagerank,rolling,0.5150365595087445,0.2353747658630416,0.7773267844616646,103.00731190174888,1.13687144889308,1.0,True,0,4
simulation_4A,simulation,full_gcsr_softmax_rolling,full_gcsr,softmax,rolling,0.5152417108262592,0.2376700430488656,0.7786590221368793,103.04834216525184,1.137324291844283,1.0,True,0,5
simulation_4A,simulation,full_gcsr_eigenvector_rolling,full_gcsr,eigenvector,rolling,0.5180355975891915,0.2411410250482248,0.7828481409999097,103.6071195178383,1.143491407621943,1.0,True,0,6
simulation_4A,simulation,full_gcsr_softmax_ewma,full_gcsr,softmax,ewma,0.537838920870728,0.2540070075016797,0.7625365269521688,107.5677841741456,1.1872044847158345,1.0,True,0,7
simulation_4A,simulation,full_gcsr_pagerank_ewma,full_gcsr,pagerank,ewma,0.5384392916135732,0.2551511063219437,0.7630259505476265,107.68785832271465,1.188529719485464,1.0,True,0,8
simulation_4A,simulation,full_gcsr_eigenvector_ewma,full_gcsr,eigenvector,ewma,0.5437824936443266,0.2572279517720521,0.7720300072752883,108.75649872886532,1.2003240935396575,1.0,True,0,9
