Centrality,diagonal,ewma,rolling,shrinkage
eigenvector,1.0735709637818642,1.2433941057836932,1.201620514826477,1.18244317000209
pagerank,1.0841906165879847,1.2494424300397065,1.220014915773318,1.176083428410261
softmax,1.0869106377224171,1.2431320243185855,1.1957689861964098,1.170780956031704
