replication,full_gcsr_eigenvector,full_gcsr_pagerank,full_gcsr_softmax,graph_only_eigenvector,graph_only_pagerank,graph_only_softmax,rs_selection,rs_selection_v2,bates_granger_mv,var_error,recent_best,equal
1,0.33784036452413874,0.3384791259271359,0.33894383950254914,0.7370011342844933,0.4013351764785949,0.36524355750326704,1.3346300100427149,1.3439398580390987,0.3502604078103875,0.348599663204527,1.146403727612304,0.31167580926337196
2,0.4116700162002901,0.41138474060710434,0.41203183088930245,0.9781701862906234,0.4429926796707391,0.43158395612162165,1.2560743297511263,1.2923077383209438,0.40905094170085543,0.4080313126174509,1.1544306587908566,0.3654909510580774
3,0.4512548212325964,0.448232567586298,0.44976777295373327,0.8034684512151392,0.48887352605562684,0.47405785588498534,1.3188143914221273,1.3036625212250685,0.465783803590809,0.46574612048636765,1.2412623065293051,0.3959621604757072
4,0.4211211285407962,0.42077328691725785,0.42296256707009655,0.9641234695151933,0.5064323481059162,0.4665777722723181,1.3369874445455894,1.2441960713139784,0.4411283699409129,0.4372875014044254,1.1156168658249288,0.41805227973282383
5,0.41889279979378535,0.4181783997855714,0.4182454370402876,0.8063122131833862,0.4639616056052635,0.45228567881725384,1.3143261429273467,1.2474621236153594,0.4200865214072842,0.41826845120163125,1.3148811221609942,0.37583375572390765
