replication,full_gcsr_eigenvector,full_gcsr_pagerank,full_gcsr_softmax,graph_only_eigenvector,graph_only_pagerank,graph_only_softmax,rs_selection,rs_selection_v2,bates_granger_mv,var_error,recent_best,equal
1,1.0839479821084648,1.0859974238168375,1.0874884396788322,2.364640156141694,1.2876686754286133,1.1718700863096418,4.282109712629783,4.311980006440384,1.123797219415534,1.1184687834044742,3.678192832219112,0.9999999999967916
2,1.1263480395544687,1.1255675124515157,1.127337981132951,2.6763184791749155,1.212048282965929,1.1808334922411283,3.4366769576959966,3.535813224858903,1.1191821316384303,1.1163923797158453,3.158575213546823,0.999999999997264
3,1.139641274533206,1.132008591544862,1.1358857432544776,2.0291546299470298,1.2346470821026476,1.1972301982448452,3.3306576311089398,3.2923916761529983,1.1763341300846577,1.1762389616362485,3.1348003178761408,0.9999999999974746
4,1.0073408254319922,1.0065087725036843,1.011745629851365,2.3062270348795995,1.2114091290887457,1.116075177414152,3.1981345620142454,2.9761733917733086,1.0551990536250198,1.0460115220107131,2.668606104804041,0.999999999997608
5,1.114569389824566,1.1126685493669655,1.1128469188021082,2.1453959387659904,1.2344862549942461,1.2034195224026267,3.497094454414496,3.3191859555277468,1.1177455856699776,1.1129081537523835,3.4985711159043,0.9999999999973394
