Centrality,diagonal,ewma,rolling,shrinkage
eigenvector,0.8668693565256538,0.9580499555521399,1.0188992552249445,0.9493753043159071
pagerank,0.8994895558532284,0.9653406182120418,1.0163326238993309,0.9355200034642605
softmax,0.887027829963227,0.9640658517041664,1.014109661071888,0.9388857782967709
