Centrality,diagonal,ewma,rolling,shrinkage
eigenvector,0.1927926139713991,0.06819378878925002,0.13426739520824146,0.13764405070727076
pagerank,0.1892623042063694,0.0697508940526756,0.14614843684096507,0.14447222101326818
softmax,0.19273369830734657,0.06787731635575442,0.1296616946806802,0.13037804886482043
