replication,full_gcsr_eigenvector,full_gcsr_pagerank,full_gcsr_softmax,graph_only_eigenvector,graph_only_pagerank,graph_only_softmax,rs_selection,rs_selection_v2,bates_granger_mv,var_error,recent_best,equal
1,1.7919876913159198,2.165672381986799,1.7216125769472121,2.8881722946480544,4.141863965816484,2.5470310330646626,3.450158443225109,3.4529565753280616,8.026347205054881,0.8648515163315199,3.517704992725362,10.993749348549441
2,0.6244654133034625,0.6320261400458003,0.6226429163158502,2.390744689475041,0.884323567206822,3.0130517967020274,3.87057401781682,3.7691137583707865,2.707247726537379,0.5469668309113624,3.736172992769507,0.6759481741632788
3,0.7061223800266195,0.7320990483831245,0.7210928264893947,2.385687571972964,0.9690921605629815,3.486320089397972,4.425670659500742,4.030566290130715,1.687349089602862,0.5805608063142695,4.1281599698933675,0.9094548572200133
4,1.6780837583743793,1.904860282323098,1.3191177185540206,2.401044971092004,2.033203053444366,1.8843985963995769,3.1791759598220515,2.9423343069308627,6.183470624557466,0.6449095065422966,2.913343608609628,6.405616219038998
5,1.1906022291363383,1.3918563195073228,1.152714902706396,1.9568217587605583,0.7145743172211682,1.6919399813461526,2.412519855083637,2.496118992605039,4.601538020714273,0.5307758197981937,2.4120137856314225,1.0556113214495244
