replication,full_gcsr_eigenvector,full_gcsr_pagerank,full_gcsr_softmax,graph_only_eigenvector,graph_only_pagerank,graph_only_softmax,rs_selection,rs_selection_v2,bates_granger_mv,var_error,recent_best,equal
1,0.16300059556589752,0.196991245963994,0.1565992203719118,0.26271040052672007,0.3767471710060955,0.23167992577532218,0.31382909813930066,0.3140836184138894,0.730082790737191,0.07866756726135049,0.31997318487065396,0.9999999999999091
2,0.9238362306038211,0.9350215951499797,0.9211400224368776,3.5368757263541437,1.3082712565947414,4.4575189516966605,5.726140206832095,5.576039558107841,4.005111382813535,0.8091845674228134,5.527306878798504,0.9999999999985206
3,0.7764237822471924,0.8049866824838032,0.792884683350651,2.623206147100934,1.0655747812752352,3.83341741672697,4.866289540774015,4.431848659807881,1.855341225796331,0.6383613234946781,4.539158746710782,0.9999999999989004
4,0.26197069899168446,0.29737346372096224,0.20593143164479424,0.37483434676513383,0.3174094394542232,0.2941791284339525,0.4963107140843525,0.45933665182517397,0.9653201835879227,0.1006787613384288,0.4548108267788555,0.9999999999998439
5,1.1278793670953828,1.3185310646296984,1.0919880066485463,1.8537332055814566,0.6769293798774965,1.6028058310527056,2.285424384960719,2.3646193839367893,4.359121513012251,0.5028136862617674,2.28494497607041,0.9999999999990526
