Centrality,diagonal,ewma,rolling,shrinkage
eigenvector,1.1103751085768707,1.2397980680470433,1.1904471316555771,1.153127244884121
pagerank,1.1134711914407696,1.2295952983130252,1.1895653778768616,1.1462124306978734
softmax,1.128193014883261,1.2580238913454258,1.1905618555717952,1.145169950029681
