replication,full_gcsr_eigenvector,full_gcsr_pagerank,full_gcsr_softmax,graph_only_eigenvector,graph_only_pagerank,graph_only_softmax,rs_selection,rs_selection_v2,bates_granger_mv,var_error,recent_best,equal
1,0.7241774792064594,0.7313825470898009,0.7353025013247685,1.0637893619267285,0.7471937028442708,0.7581396835488654,1.3211157784031002,1.3334014568035208,0.7217818494949382,0.7184911486459756,1.3755440679597009,0.6551171853150582
2,1.0704388902509943,1.0460229926291713,1.0731484817399897,1.512329502435336,1.1045930123415033,1.1292528638728367,1.919365181736446,1.780442249346681,1.0489282349367182,1.0843113059138556,1.7843619862657383,0.9871920694022611
3,0.4000259082755001,0.4008085172054744,0.40084931328670526,0.7613258780769916,0.4630834904668753,0.4234211625983884,1.171566447460915,1.1575833835936247,0.4007752309475516,0.4108484295424991,1.2130190751719334,0.381798756454391
4,0.35024033204961813,0.35059589685378795,0.3484553321309982,0.787988788222894,0.4126083760714705,0.39214195680949254,1.0521486684750925,1.2376739417214553,0.36252114421688836,0.3614892957524229,1.304716060571382,0.3259225250795447
5,0.5850868744586338,0.5877710548387143,0.5886140010867067,0.9753009639713605,0.598231050489844,0.6028037550551502,1.6914833737014223,1.3548260351691048,0.5983693845368907,0.6053260866607388,1.364107333742669,0.5239091230749219
