Method,Mean_Loss,Median_Loss,Std_Loss,Total_Loss,Rel_MSFE
var_error,0.8648515163315199,0.3123421356826406,1.2963550632469043,129.72772744972798,0.07866756726135049
full_gcsr_softmax,1.7216125769472121,0.6698000394777932,2.5015336285108036,258.24188654208183,0.1565992203719118
full_gcsr_eigenvector,1.7919876913159198,0.8171909536721903,2.3920049846132008,268.798153697388,0.16300059556589752
full_gcsr_pagerank,2.165672381986799,1.010774960120755,2.814592051194506,324.85085729801983,0.196991245963994
graph_only_softmax,2.5470310330646626,1.0297512016851087,3.3698290665897797,382.0546549596994,0.23167992577532218
graph_only_eigenvector,2.8881722946480544,1.4052750580841344,4.073217134122722,433.2258441972082,0.26271040052672007
rs_selection,3.450158443225109,1.7422861218412158,4.551004233405752,517.5237664837664,0.31382909813930066
rs_selection_v2,3.4529565753280616,1.55305011486843,5.044128086207435,517.9434862992092,0.3140836184138894
recent_best,3.517704992725362,1.401452563479345,4.801594104239892,527.6557489088043,0.31997318487065396
graph_only_pagerank,4.141863965816484,3.37095060220327,3.912934784587649,621.2795948724727,0.3767471710060955
bates_granger_mv,10.34728098735161,3.304928153881327,13.700275831616086,1552.0921481027415,0.9411967345531604
equal,10.993749348549441,6.497687256251453,10.732386028405704,1649.062402282416,0.9999999999999091
