Centrality,ewma,rolling,shrinkage
eigenvector,0.9727097632536796,1.0102167250648582,0.998419085946329
pagerank,0.9618278926576632,1.0064444116420064,0.9956956927717008
softmax,0.9619124213147476,1.0072346406635793,0.9972069113357804
