Centrality,diagonal,ewma,rolling,shrinkage
eigenvector,0.9092834990997315,0.9281513103845328,0.9456038694379411,0.9278462923794617
pagerank,0.9171612317884082,0.9294592724070958,0.9476142096042908,0.9250235396652664
softmax,0.9078524895107005,0.9282991401835604,0.9403680105830641,0.9220110984750557
