Family,Centrality,Cov_Method,Method,Mean_Loss,Rel_MSFE,Median_Rel_MSFE,Mean_Rank,Median_Rank,Mean_MCS_pvalue,MCS_Inclusion_Rate,Sources
graph_only,pagerank,not_used,graph_only_pagerank,2.7887777457840954,0.968489351281714,0.9817341652759088,9.666666666666666,14.0,0.8888888888888888,0.8888888888888888,9
graph_only,softmax,not_used,graph_only_softmax,2.5925626735973086,1.000424323245331,0.9533181138516283,7.777777777777778,7.0,0.8966666666666667,0.8888888888888888,9
graph_only,eigenvector,not_used,graph_only_eigenvector,2.809849734615595,1.3518361483333903,0.9627346887080119,12.444444444444445,14.0,0.45333333333333337,0.4444444444444444,9
