replication,full_gcsr_eigenvector,full_gcsr_pagerank,full_gcsr_softmax,graph_only_eigenvector,graph_only_pagerank,graph_only_softmax,rs_selection,rs_selection_v2,bates_granger_mv,var_error,recent_best,equal
1,0.5379845729414925,0.5338656689870411,0.5257561528063521,1.1244356810417704,0.572641036011687,0.5637043441374554,1.7285288495764124,1.5803524253461483,0.5548742658364143,0.48590534148779907,1.251078173628842,0.4938985521218058
2,0.5810507804607575,0.5714496311721744,0.5666793298155656,1.0449138862855685,0.604184921497004,0.5779480694968235,1.3726673281295887,1.3117683847319606,0.560460399633821,0.5265713354030473,1.3393689802972153,0.5065143477250377
3,0.6619068975977467,0.661652853841421,0.6832084120850134,1.0819781097733507,0.6581697699242636,0.6385439421642812,1.5065421893403308,1.574429577246826,0.721826788421808,0.6790652637455498,1.4504662604849266,0.6348825142141946
4,0.769761222620168,0.7756270796184079,0.7873791331483818,1.1201147344846667,0.7810350783804318,0.8060051249566313,1.6642548552069545,1.4589147018519983,0.8186107097181482,0.7685710285065862,1.3575553585121674,0.8148158961255004
5,0.5021187955400104,0.5147761407802068,0.5092062253246666,0.8746072739797057,0.606802990842105,0.5307532693991756,1.5324507793015343,1.397750542347213,0.49928957039808136,0.5125476827020787,1.3632568463988828,0.4806023779668402
