replication,full_gcsr_eigenvector,full_gcsr_pagerank,full_gcsr_softmax,graph_only_eigenvector,graph_only_pagerank,graph_only_softmax,rs_selection,rs_selection_v2,bates_granger_mv,var_error,recent_best,equal
1,1.0892612878276366,1.0809217129559385,1.0645023164101626,2.2766531228100955,1.1594304813213996,1.141336296117128,3.4997649662002273,3.199751079556112,1.1234579721919233,0.983816088140669,2.5330671010304298,0.9999999999979753
2,1.1471556197160973,1.128200284429571,1.1187823846641949,2.062950222390816,1.1928288393200546,1.1410300065367995,2.7100265457278496,2.5897951175935234,1.10650448926071,1.039598064234615,2.6442863589357795,0.9999999999980258
3,1.0425659594924552,1.0421658165516157,1.0761178592696894,1.7042178443216853,1.0366796299908423,1.0057670952768525,2.372946420177648,2.4798754761627757,1.1369454540956905,1.0695920088222486,2.284621529194122,0.9999999999984249
4,0.9447057013485931,0.951904698111083,0.966327653757679,1.3746844407546617,0.9585417786930066,0.9891867951867974,2.042491884508569,1.79048384891291,1.004657265045623,0.9432450105112644,1.6660884562583527,0.9999999999987728
5,1.0447696860409834,1.0711061042953338,1.059516657986117,1.8198147035348848,1.262588407090049,1.1043500692680537,3.1886042382505217,2.908330475303525,1.0388828546984252,1.066469302272941,2.836558679054447,0.9999999999979193
